{
    "$schema": "../../../Schema/ControlDescription.Schema.json",
    "apiVersion": 1,
    "name": "TcHmiContainer",
    "namespace": "TcHmi.Controls.System",
    "displayName": "Container",
    "version": {
        "full": "1.12.762.44",
        "major": 1,
        "minor": 12,
        "build": 762,
        "revision": 44
    },
    "visible": true,
    "themeable": "Standard",
    "base": "TcHmi.Controls.System.TcHmiContainerControl",
    "description": "A container for other controls.",
    "properties": {
        "containerControl": true,
        "geometry": {
            "width": 200,
            "height": 200
        }
    },
    "icons": [
        {
            "name": "Icons/16x16.png",
            "width": 16,
            "height": 16
        }
    ],
    "template": "Template.html",
    "dependencyFiles": [
        {
            "name": "Style.css",
            "type": "Stylesheet",
            "description": ""
        },
        {
            "name": "TcHmiContainer.js",
            "type": "JavaScript",
            "description": ""
        }
    ],
    "themes": {},
    "attributes": [],
    "dataTypes": [
        {
            "schema": "Schema/Types.Schema.json"
        }
    ]
}