{
    "$schema": "../../TcHmiFramework/Schema/ControlDescription.Schema.json",
    "apiVersion": 1,
    "name": "TcHmiStateImage",
    "namespace": "TcHmi.Controls.Beckhoff",
    "displayName": "State Image",
    "version": {
        "full": "1.12.760.48",
        "major": 1,
        "minor": 12,
        "build": 760,
        "revision": 48
    },
    "visible": true,
    "themeable": "Standard",
    "base": "TcHmi.Controls.System.TcHmiControl",
    "description": "A control which displays a state.",
    "properties": {
        "containerControl": false,
        "geometry": {
            "width": 64,
            "height": 64
        }
    },
    "icons": [
        {
            "name": "Icons/16x16.png",
            "width": 16,
            "height": 16
        }
    ],
    "template": "Template.html",
    "dependencyFiles": [
        {
            "name": "TcHmiStateImage.js",
            "type": "JavaScript",
            "description": "Contains all the main logic."
        },
        {
            "name": "Style.css",
            "type": "Stylesheet",
            "description": "Theme independent style"
        }
    ],
    "themes": {
        "Base": {
            "resources": [
                {
                    "name": "Themes/Base/Style.css",
                    "type": "Stylesheet",
                    "description": "Theme dependent style"
                }
            ]
        },
        "Base-Dark": {
            "resources": [
                {
                    "name": "Themes/Base-Dark/Style.css",
                    "type": "Stylesheet",
                    "description": "Theme dependent style"
                }
            ]
        }
    },
    "attributes": [
        {
            "name": "data-tchmi-state",
            "propertyName": "State",
            "propertySetterName": "setState",
            "propertyGetterName": "getState",
            "displayName": "State",
            "visible": true,
            "themeable": "Standard",
            "displayPriority": 10,
            "type": "tchmi:general#/definitions/Any",
            "category": "Common",
            "description": "The displayed State.",
            "readOnly": false,
            "bindable": true,
            "heritable": true,
            "defaultValue": null,
            "defaultValueInternal": null
        },
        {
            "name": "data-tchmi-state-list",
            "propertyName": "StateList",
            "propertySetterName": "setStateList",
            "propertyGetterName": "getStateList",
            "displayName": "StateList",
            "visible": true,
            "themeable": "Advanced",
            "displayPriority": 20,
            "type": "tchmi:framework#/definitions/TcHmi.Controls.Beckhoff.TcHmiStateImage.StateList",
            "category": "Common",
            "description": "List of States.",
            "defaultValue": null,
            "defaultValueInternal": null,
            "readOnly": false,
            "allowSymbolExpressionsInObject": true,
            "bindable": true,
            "heritable": true
        },
        {
            "name": "data-tchmi-fallback-image",
            "propertyName": "FallbackImage",
            "propertySetterName": "setFallbackImage",
            "propertyGetterName": "getFallbackImage",
            "displayName": "FallbackImage",
            "visible": true,
            "themeable": "Advanced",
            "displayPriority": 20,
            "type": "tchmi:framework#/definitions/Path",
            "category": "Common",
            "description": "The fallback image shown when the state is not defined in the state list",
            "defaultValue": null,
            "defaultValueInternal": null,
            "readOnly": false,
            "bindable": true,
            "heritable": true
        }
    ],
    "attributeCategories": [],
    "functions": [],
    "events": [],
    "dataTypes": [
        {
            "schema": "Schema/Types.Schema.json"
        }
    ]
}