{
    "USERS": {
        "__SystemAdministrator": {
            "ALGORITHM": 1,
            "ENABLED": true,
            "PASSWORD": "30f329eafe5c0a49c0fc9e8d36319e2758a665d05ecb117d1d19fef7a2b49659b2e3de0cd780b83eb1d8fe0c68afdeb95197adba1bbf6161e403c0a9539e7a6e",
            "SALT": "oy4K9SmI6LUWRfbDzHcs6fZIDqq6kgsMskWdh6bEKLetqVwEvW88PguFoxV5QoZY6HIBgCxcRaJ7UTYLvwbvVA=="
        },
        "__SystemGuest": {
            "ALGORITHM": 0,
            "ENABLED": true,
            "PASSWORD": "",
            "SALT": ""
        },
        "__SystemUser": {
            "ALGORITHM": 0,
            "ENABLED": true,
            "PASSWORD": "",
            "SALT": ""
        }
    }
}