{
    "$schema": "../../TcHmiFramework/Schema/ControlDescription.Schema.json",
    "apiVersion": 1,
    "name": "TcHmiCheckbox",
    "namespace": "TcHmi.Controls.Beckhoff",
    "displayName": "Checkbox",
    "version": {
        "full": "1.12.760.48",
        "major": 1,
        "minor": 12,
        "build": 760,
        "revision": 48
    },
    "visible": true,
    "themeable": "Standard",
    "base": "TcHmi.Controls.System.TcHmiControl",
    "description": "A simple Checkbox.",
    "defaultDesignerEvent": ".onToggleStateChanged",
    "properties": {
        "containerControl": false,
        "geometry": {
            "width": 100,
            "height": 26
        }
    },
    "icons": [
        {
            "name": "Icons/16x16.png",
            "width": 16,
            "height": 16
        }
    ],
    "template": "Template.html",
    "dependencyFiles": [
        {
            "name": "Style.css",
            "type": "Stylesheet",
            "description": ""
        },
        {
            "name": "TcHmiCheckbox.js",
            "type": "JavaScript",
            "description": ""
        }
    ],
    "themes": {
        "Base": {
            "resources": [
                {
                    "name": "Themes/Base/Style.css",
                    "type": "Stylesheet",
                    "description": ""
                }
            ]
        },
        "Base-Dark": {
            "resources": [
                {
                    "name": "Themes/Base-Dark/Style.css",
                    "type": "Stylesheet",
                    "description": ""
                }
            ]
        }
    },
    "attributes": [
        {
            "name": "data-tchmi-background-color",
            "propertyName": "BackgroundColor",
            "propertySetterName": "setBackgroundColor",
            "propertyGetterName": "getBackgroundColor",
            "displayName": "BackgroundColor",
            "visible": true,
            "themeable": "Standard",
            "displayPriority": 30,
            "type": "tchmi:framework#/definitions/Color",
            "category": "Colors",
            "description": "Definition of the background color of the checkbox itself (not the optional label).",
            "readOnly": false,
            "bindable": true,
            "defaultBindingMode": "OneWay",
            "heritable": true,
            "allowSymbolExpressionsInObject": true,
            "defaultValue": null,
            "defaultValueInternal": null
        },
        {
            "name": "data-tchmi-toggle-group",
            "propertyName": "ToggleGroup",
            "propertySetterName": "setToggleGroup",
            "propertyGetterName": "getToggleGroup",
            "displayName": "ToggleGroup",
            "visible": true,
            "themeable": "Advanced",
            "displayPriority": 51,
            "type": "tchmi:general#/definitions/String",
            "category": "Common",
            "description": "Custom name for a toggle group. Only one Control in a toggleGroup is held active.",
            "readOnly": false,
            "bindable": true,
            "defaultBindingMode": "OneWay",
            "heritable": true,
            "defaultValue": null,
            "defaultValueInternal": null
        },
        {
            "name": "data-tchmi-toggle-state",
            "propertyName": "ToggleState",
            "propertySetterName": "setToggleState",
            "propertyGetterName": "getToggleState",
            "displayName": "ToggleState",
            "visible": true,
            "themeable": "Advanced",
            "displayPriority": 12,
            "type": "tchmi:framework#/definitions/ToggleState",
            "category": "Common",
            "description": "Possible values are Normal, Active.",
            "readOnly": false,
            "bindable": true,
            "defaultBindingMode": "OneWay",
            "heritable": true,
            "defaultValue": null,
            "defaultValueInternal": "Normal"
        },
        {
            "name": "data-tchmi-toggle-state-icon-color",
            "propertyName": "ToggleStateIconColor",
            "propertySetterName": "setToggleStateIconColor",
            "propertyGetterName": "getToggleStateIconColor",
            "displayName": "ToggleStateIconColor",
            "visible": true,
            "themeable": "Standard",
            "displayPriority": 10,
            "type": "tchmi:framework#/definitions/SolidColor",
            "category": "Colors",
            "description": "Definition of the color of the icon inside the checkbox.",
            "readOnly": false,
            "bindable": true,
            "defaultBindingMode": "OneWay",
            "heritable": true,
            "allowSymbolExpressionsInObject": true,
            "defaultValue": null,
            "defaultValueInternal": null
        },
        {
            "name": "data-tchmi-state-symbol",
            "propertyName": "StateSymbol",
            "propertySetterName": "setStateSymbol",
            "propertyGetterName": "getStateSymbol",
            "displayName": "StateSymbol",
            "visible": true,
            "themeable": "None",
            "displayPriority": 11,
            "type": "tchmi:framework#/definitions/TcHmi.Controls.Beckhoff.TcHmiCheckbox.StateSymbol",
            "category": "Common",
            "description": "A symbol of type tchmi:general#/definitions/Boolean which will be set to true if checkbox is checked and to false if checkbox is unchecked.",
            "readOnly": false,
            "bindable": true,
            "defaultBindingMode": "OneWay",
            "heritable": true,
            "allowSymbolReferencePreloading": true,
            "defaultValue": null,
            "defaultValueInternal": null
        },
        {
            "name": "data-tchmi-text",
            "propertyName": "Text",
            "propertySetterName": "setText",
            "propertyGetterName": "getText",
            "displayName": "Text",
            "visible": true,
            "themeable": "Advanced",
            "displayPriority": 21,
            "type": "tchmi:general#/definitions/String",
            "category": "Common",
            "description": "Text that is shown next to the checkbox.",
            "readOnly": false,
            "bindable": true,
            "defaultBindingMode": "OneWay",
            "heritable": true,
            "defaultValue": "Label",
            "defaultValueInternal": null
        },
        {
            "name": "data-tchmi-ignore-escape-sequences",
            "propertyName": "IgnoreEscapeSequences",
            "propertySetterName": "setIgnoreEscapeSequences",
            "propertyGetterName": "getIgnoreEscapeSequences",
            "displayName": "IgnoreEscapeSequences",
            "visible": true,
            "themeable": "Advanced",
            "displayPriority": 100,
            "type": "tchmi:general#/definitions/Boolean",
            "category": "Text",
            "description": "When set to true a backslash in a text will be shown verbatim in the HMI.",
            "readOnly": false,
            "bindable": true,
            "defaultBindingMode": "OneWay",
            "heritable": true,
            "defaultValue": null,
            "defaultValueInternal": false
        },
        {
            "name": "data-tchmi-text-position",
            "propertyName": "TextPosition",
            "propertySetterName": "setTextPosition",
            "propertyGetterName": "getTextPosition",
            "displayName": "TextPosition",
            "visible": true,
            "themeable": "Advanced",
            "displayPriority": 22,
            "type": "tchmi:framework#/definitions/TcHmi.Controls.Beckhoff.TcHmiCheckbox.TextPosition",
            "category": "Text",
            "description": "Where the text should be displayed.",
            "readOnly": false,
            "bindable": true,
            "defaultBindingMode": "OneWay",
            "heritable": true,
            "defaultValue": null,
            "defaultValueInternal": "Right"
        },
        {
            "name": "data-tchmi-text-horizontal-alignment",
            "propertyName": "TextHorizontalAlignment",
            "propertySetterName": "setTextHorizontalAlignment",
            "propertyGetterName": "getTextHorizontalAlignment",
            "displayName": "TextHorizontalAlignment",
            "visible": true,
            "themeable": "Advanced",
            "displayPriority": 30,
            "type": "tchmi:framework#/definitions/HorizontalAlignment",
            "category": "Text",
            "description": "Defines the horizontal alignment of the text.",
            "readOnly": false,
            "bindable": true,
            "defaultBindingMode": "OneWay",
            "heritable": true,
            "defaultValue": null,
            "defaultValueInternal": "Left"
        },
        {
            "name": "data-tchmi-text-vertical-alignment",
            "propertyName": "TextVerticalAlignment",
            "propertySetterName": "setTextVerticalAlignment",
            "propertyGetterName": "getTextVerticalAlignment",
            "displayName": "TextVerticalAlignment",
            "visible": true,
            "themeable": "Advanced",
            "displayPriority": 30,
            "type": "tchmi:framework#/definitions/VerticalAlignment",
            "category": "Text",
            "description": "Defines the vertical alignment of the text.",
            "readOnly": false,
            "bindable": true,
            "defaultBindingMode": "OneWay",
            "heritable": true,
            "defaultValue": null,
            "defaultValueInternal": "Center"
        },
        {
            "name": "data-tchmi-text-font-family",
            "propertyName": "TextFontFamily",
            "propertySetterName": "setTextFontFamily",
            "propertyGetterName": "getTextFontFamily",
            "displayName": "TextFontFamily",
            "visible": true,
            "themeable": "Standard",
            "displayPriority": 60,
            "type": "tchmi:framework#/definitions/FontFamily",
            "category": "Text",
            "description": "Comma separated list of family name or keyword: 'serif', 'sans-serif', 'monospace'.",
            "readOnly": false,
            "bindable": true,
            "defaultBindingMode": "OneWay",
            "heritable": true,
            "defaultValue": null,
            "defaultValueInternal": null
        },
        {
            "name": "data-tchmi-text-font-size",
            "propertyName": "TextFontSize",
            "propertySetterName": "setTextFontSize",
            "propertyGetterName": "getTextFontSize",
            "displayName": "TextFontSize",
            "visible": true,
            "themeable": "Standard",
            "displayPriority": 30,
            "type": "tchmi:framework#/definitions/MeasurementValue",
            "category": "Text",
            "description": "The size of the font. Percent values are relative to the parent elements font size.",
            "readOnly": false,
            "bindable": true,
            "defaultBindingMode": "OneWay",
            "heritable": true,
            "defaultValue": null,
            "defaultValueInternal": null
        },
        {
            "name": "data-tchmi-text-font-size-unit",
            "propertyName": "TextFontSizeUnit",
            "propertySetterName": "setTextFontSizeUnit",
            "propertyGetterName": "getTextFontSizeUnit",
            "refTo": "TextFontSize",
            "displayName": "TextFontSizeUnit",
            "visible": true,
            "themeable": "Advanced",
            "displayPriority": 30,
            "type": "tchmi:framework#/definitions/MeasurementUnit",
            "category": "Text",
            "description": "Could be 'px' or for relative sizing '%'.",
            "readOnly": false,
            "bindable": true,
            "defaultBindingMode": "OneWay",
            "heritable": true,
            "defaultValue": null,
            "defaultValueInternal": "px"
        },
        {
            "name": "data-tchmi-text-font-style",
            "propertyName": "TextFontStyle",
            "propertySetterName": "setTextFontStyle",
            "propertyGetterName": "getTextFontStyle",
            "displayName": "TextFontStyle",
            "visible": true,
            "themeable": "Standard",
            "displayPriority": 60,
            "type": "tchmi:framework#/definitions/FontStyle",
            "category": "Text",
            "description": "'Normal', 'Italic' (slanted with special glyphs), 'Oblique' (slanted normal glyphs) or 'Auto' for inherited.",
            "readOnly": false,
            "bindable": true,
            "defaultBindingMode": "OneWay",
            "heritable": true,
            "defaultValue": null,
            "defaultValueInternal": "Auto"
        },
        {
            "name": "data-tchmi-text-font-weight",
            "propertyName": "TextFontWeight",
            "propertySetterName": "setTextFontWeight",
            "propertyGetterName": "getTextFontWeight",
            "displayName": "TextFontWeight",
            "visible": true,
            "themeable": "Standard",
            "displayPriority": 60,
            "type": "tchmi:framework#/definitions/FontWeight",
            "category": "Text",
            "description": "'Normal', 'Bold' (glyphs with more weight) or 'Auto' for inherited.",
            "readOnly": false,
            "bindable": true,
            "defaultBindingMode": "OneWay",
            "heritable": true,
            "defaultValue": null,
            "defaultValueInternal": "Auto"
        },
        {
            "name": "data-tchmi-text-color",
            "propertyName": "TextColor",
            "propertySetterName": "setTextColor",
            "propertyGetterName": "getTextColor",
            "displayName": "TextColor",
            "visible": true,
            "themeable": "Standard",
            "displayPriority": 10,
            "type": "tchmi:framework#/definitions/SolidColor",
            "category": "Colors",
            "description": "The color of the optional button text.",
            "readOnly": false,
            "bindable": true,
            "defaultBindingMode": "OneWay",
            "heritable": true,
            "allowSymbolExpressionsInObject": true,
            "defaultValue": null,
            "defaultValueInternal": null
        },
        {
            "name": "data-tchmi-text-background-color",
            "propertyName": "TextBackgroundColor",
            "propertySetterName": "setTextBackgroundColor",
            "propertyGetterName": "getTextBackgroundColor",
            "displayName": "TextBackgroundColor",
            "visible": true,
            "themeable": "Standard",
            "displayPriority": 10,
            "type": "tchmi:framework#/definitions/Color",
            "category": "Colors",
            "description": "The color of the optional button text.",
            "readOnly": false,
            "bindable": true,
            "defaultBindingMode": "OneWay",
            "heritable": true,
            "allowSymbolExpressionsInObject": true,
            "defaultValue": null,
            "defaultValueInternal": null
        }
    ],
    "attributeCategories": [
        {
            "name": "Text",
            "displayPriority": 500,
            "defaultCollapsed": true,
            "description": "Attributes defining the text of the control."
        }
    ],
    "functions": [],
    "events": [
        {
            "name": ".onToggleStateChanged",
            "displayName": ".onToggleStateChanged",
            "visible": true,
            "displayPriority": 10,
            "category": "Control",
            "description": "The togglestatechanged event is fired when the state of the checkbox has changed.",
            "heritable": true
        },
        {
            "name": ".onStateChanged",
            "displayName": ".onStateChanged",
            "visible": true,
            "displayPriority": 10,
            "category": "Control",
            "description": "The onStateChanged event is fired when the state of the checkbox has changed.",
            "heritable": true
        }
    ],
    "dataTypes": [
        {
            "schema": "Schema/Types.Schema.json"
        }
    ]
}