{
    "$schema": "../../TcHmiFramework/Schema/ControlDescription.Schema.json",
    "apiVersion": 1,
    "name": "TcHmiToggleSwitch",
    "namespace": "TcHmi.Controls.Beckhoff",
    "displayName": "Toggle Switch",
    "version": {
        "full": "1.12.762.44",
        "major": 1,
        "minor": 12,
        "build": 762,
        "revision": 44
    },
    "visible": true,
    "themeable": "Standard",
    "base": "TcHmi.Controls.Beckhoff.TcHmiCheckbox",
    "description": "A simple Toggle Switch.",
    "defaultDesignerEvent": ".onToggleStateChanged",
    "properties": {
        "containerControl": false,
        "geometry": {
            "width": 100,
            "height": 26
        }
    },
    "icons": [
        {
            "name": "Icons/16x16.png",
            "width": 16,
            "height": 16
        }
    ],
    "template": "Template.html",
    "dependencyFiles": [
        {
            "name": "Style.css",
            "type": "Stylesheet",
            "description": ""
        },
        {
            "name": "TcHmiToggleSwitch.js",
            "type": "JavaScript",
            "description": ""
        }
    ],
    "themes": {
        "Base": {
            "resources": [
                {
                    "name": "Themes/Base/Style.css",
                    "type": "Stylesheet",
                    "description": ""
                }
            ]
        },
        "Base-Dark": {
            "resources": [
                {
                    "name": "Themes/Base-Dark/Style.css",
                    "type": "Stylesheet",
                    "description": ""
                }
            ]
        }
    },
    "attributes": [],
    "attributeCategories": [],
    "functions": [],
    "events": [],
    "dataTypes": [
        {
            "schema": "Schema/Types.Schema.json"
        }
    ]
}