{
    "$schema": "http://json-schema.org/draft-04/schema",
    "definitions": {
        "TcHmi.Controls.Beckhoff.TcHmiRecipeEdit": {
            "$schema": "http://json-schema.org/draft-04/schema",
            "type": "object",
            "frameworkInstanceOf": "TcHmi.Controls.System.TcHmiControl",
            "frameworkControlType": "TcHmiRecipeEdit",
            "frameworkControlNamespace": "TcHmi.Controls.Beckhoff"
        },
        "TcHmi.Controls.Beckhoff.TcHmiRecipeEdit.NameArray": {
            "type": "array",
            "items": {
                "type": "string",
                "minLength": 1
            }
        },
        "TcHmiRecipeEdit": {
            "$ref": "tchmi:framework#/definitions/TcHmi.Controls.Beckhoff.TcHmiRecipeEdit"
        }
    }
}
