{
    "$schema": "../../../Schema/ControlDescription.Schema.json",
    "apiVersion": 1,
    "name": "TcHmiContainerControl",
    "namespace": "TcHmi.Controls.System",
    "displayName": "Container Control",
    "version": {
        "full": "1.12.762.44",
        "major": 1,
        "minor": 12,
        "build": 762,
        "revision": 44
    },
    "visible": false,
    "themeable": "Advanced",
    "base": "TcHmi.Controls.System.TcHmiControl",
    "description": "Base class for all controls which can contain other controls.",
    "properties": {
        "containerControl": true,
        "geometry": {
            "width": 0,
            "height": 0
        }
    },
    "icons": [
        {
            "name": "Icons/16x16.png",
            "width": 16,
            "height": 16
        }
    ],
    "dependencyFiles": [
        {
            "name": "Style.css",
            "type": "Stylesheet",
            "description": ""
        },
        {
            "name": "TcHmiContainerControl.js",
            "type": "JavaScript",
            "description": ""
        }
    ],
    "themes": {},
    "functions": [],
    "attributes": [
        {
            "name": "data-tchmi-is-enabled",
            "propertyName": "IsEnabled",
            "propertySetterName": "setIsEnabled",
            "propertyGetterName": "getIsEnabled",
            "displayName": "IsEnabled",
            "visible": true,
            "themeable": "Standard",
            "displayPriority": 30,
            "type": "tchmi:general#/definitions/Boolean",
            "category": "Common",
            "description": "If disabled this overwrites the state of all children.\nOnly enabled controls will react on events.",
            "readOnly": false,
            "bindable": true,
            "defaultBindingMode": "OneWay",
            "heritable": true,
            "defaultValue": null,
            "defaultValueInternal": true
        },
        {
            "name": "data-tchmi-width-mode",
            "propertyName": "WidthMode",
            "propertySetterName": "setWidthMode",
            "propertyGetterName": "getWidthMode",
            "displayName": "WidthMode",
            "visible": true,
            "themeable": "Advanced",
            "displayPriority": 40,
            "type": "tchmi:framework#/definitions/SizeModeWithContent",
            "category": "Layout",
            "description": "Defines if the width is taken from the width value, calculated from left and right (parent) or calculated from child controls.",
            "readOnly": false,
            "bindable": true,
            "defaultBindingMode": "OneWay",
            "heritable": true,
            "defaultValue": null,
            "defaultValueInternal": "Value"
        },
        {
            "name": "data-tchmi-height-mode",
            "propertyName": "HeightMode",
            "propertySetterName": "setHeightMode",
            "propertyGetterName": "getHeightMode",
            "displayName": "HeightMode",
            "visible": true,
            "themeable": "Advanced",
            "displayPriority": 40,
            "type": "tchmi:framework#/definitions/SizeModeWithContent",
            "category": "Layout",
            "description": "Defines if the height is taken from the height value, calculated from top and bottom (parent) or calculated from child controls.",
            "readOnly": false,
            "bindable": true,
            "defaultBindingMode": "OneWay",
            "heritable": true,
            "defaultValue": null,
            "defaultValueInternal": "Value"
        }
    ],
    "dataTypes": [
        {
            "schema": "Schema/Types.Schema.json"
        }
    ]
}