[
  {
    "serverExtensions": [
      {
        "publishServerExtension": true,
        "name": "ADS"
      },
      {
        "publishServerExtension": true,
        "name": "TcHmiLua"
      },
      {
        "publishServerExtension": true,
        "name": "TcHmiSqliteLogger"
      },
      {
        "publishServerExtension": true,
        "name": "TcHmiSrv"
      },
      {
        "publishServerExtension": true,
        "name": "TcHmiUserManagement"
      }
    ],
    "isNew": false,
    "profileName": "Profile1",
    "publishMode": "TcHmi",
    "targetDirectory": "",
    "server": "",
    "sitePath": "",
    "destinationUrl": "",
    "passiveMode": true,
    "savePassword": true,
    "deleteAllFilesBeforePublish": false,
    "deleteExtensionDataBeforePublish": false,
    "alwaysPublishLocalServerConfiguration": true,
    "temporaryPublishWithoutServerConfiguration": false,
    "abortOnErrors": true,
    "createPublishLog": false,
    "userName": "",
    "encryptedPassword": "",
    "encryptedTcHmiServerPassword": "KXtud0FnDIZZBm/dHfZ0Yw==",
    "tcHmiServerHost": "127.0.0.1",
    "tcHmiServerPort": "3000",
    "uploadTimeout": "60",
    "connectionTimeout": "5",
    "requestTimeout": "60",
    "extensionStartupTimeout": "120",
    "clientCertificateCN": "radov",
    "tcHmiUseTLS": true,
    "useClientCertificate": true,
    "launchBrowserAfterPublish": true,
    "createVirtualDirectoriesOnTargetSystem": false,
    "tcHmiServerUserName": "admin",
    "tcHmiDestinationUrl": "https://127.0.0.1:3000/",
    "publishConfiguration": "remote",
    "tcHmiSavePassword": false,
    "tcHmiIgnoreCertificateErrors": true
  }
]