{
    "$schema": "../../TcHmiFramework/Schema/ControlDescription.Schema.json",
    "apiVersion": 1,
    "name": "TcHmiTabNavigation",
    "namespace": "TcHmi.Controls.Beckhoff",
    "displayName": "Tab Navigation",
    "version": {
        "full": "1.12.762.44",
        "major": 1,
        "minor": 12,
        "build": 762,
        "revision": 44
    },
    "visible": true,
    "themeable": "Standard",
    "base": "TcHmi.Controls.System.TcHmiControl",
    "description": "A tab navigation control.",
    "defaultDesignerEvent": "",
    "properties": {
        "containerControl": false,
        "geometry": {
            "width": 500,
            "height": 500
        }
    },
    "icons": [
        {
            "name": "Icons/16x16.png",
            "width": 16,
            "height": 16
        }
    ],
    "template": "Template.html",
    "dependencyFiles": [
        {
            "name": "Style.css",
            "type": "Stylesheet",
            "description": ""
        },
        {
            "name": "TcHmiTabNavigation.js",
            "type": "JavaScript",
            "description": ""
        }
    ],
    "themes": {
        "Base": {
            "resources": [
                {
                    "name": "Themes/Base/Style.css",
                    "type": "Stylesheet",
                    "description": "Theme dependent style"
                }
            ]
        },
        "Base-Dark": {
            "resources": [
                {
                    "name": "Themes/Base-Dark/Style.css",
                    "type": "Stylesheet",
                    "description": "Theme dependent style"
                }
            ]
        }
    },
    "attributes": [
        {
            "name": "data-tchmi-tabs",
            "propertyName": "Tabs",
            "propertySetterName": "setTabs",
            "propertyGetterName": "getTabs",
            "displayName": "Tabs",
            "visible": true,
            "themeable": "Advanced",
            "displayPriority": 10,
            "type": "tchmi:framework#/definitions/TcHmi.Controls.Beckhoff.TcHmiTabNavigation.TabList",
            "category": "Common",
            "description": "A list of tabs to be displayed in the control.",
            "readOnly": false,
            "bindable": true,
            "defaultBindingMode": "OneWay",
            "heritable": true,
            "allowSymbolExpressionsInObject": true,
            "defaultValue": [
                {
                    "name": "tab1",
                    "displayName": "Tab 1",
                    "horizontalAlignment": "Left",
                    "verticalAlignment": "Center"
                },
                {
                    "name": "tab2",
                    "displayName": "Tab 2",
                    "horizontalAlignment": "Left",
                    "verticalAlignment": "Center"
                },
                {
                    "name": "tab3",
                    "displayName": "Tab 3",
                    "horizontalAlignment": "Left",
                    "verticalAlignment": "Center"
                }
            ],
            "defaultValueInternal": null
        },
        {
            "name": "data-tchmi-tab-alignment",
            "propertyName": "TabAlignment",
            "propertySetterName": "setTabAlignment",
            "propertyGetterName": "getTabAlignment",
            "displayName": "TabAlignment",
            "visible": true,
            "themeable": "Standard",
            "displayPriority": 11,
            "type": "tchmi:framework#/definitions/TcHmi.Controls.Beckhoff.TcHmiTabNavigation.TabAlignment",
            "category": "Common",
            "description": "The alignment of the tab bar.",
            "readOnly": false,
            "bindable": true,
            "defaultBindingMode": "OneWay",
            "heritable": true,
            "defaultValue": null,
            "defaultValueInternal": "Top"
        }
    ],
    "attributeCategories": [],
    "functions": [],
    "events": [],
    "dataTypes": [
        {
            "schema": "Schema/Types.Schema.json"
        }
    ]
}