{
    "$schema": "../../TcHmiFramework/Schema/ControlDescription.Schema.json",
    "apiVersion": 1,
    "name": "TcHmiPolyline",
    "namespace": "TcHmi.Controls.Beckhoff",
    "displayName": "Polyline",
    "version": {
        "full": "1.12.760.48",
        "major": 1,
        "minor": 12,
        "build": 760,
        "revision": 48
    },
    "visible": true,
    "themeable": "Standard",
    "base": "TcHmi.Controls.Beckhoff.TcHmiPolygon",
    "description": "The polyline control defines an open shape consisting of a set of connected straight line segments.\nThe last point is not necessarily connected to the first point.",
    "defaultDesignerEvent": ".onPressed",
    "properties": {
        "containerControl": false,
        "geometry": {
            "width": 200,
            "height": 200
        }
    },
    "icons": [
        {
            "name": "Icons/16x16.png",
            "width": 16,
            "height": 16
        }
    ],
    "template": "Template.html",
    "dependencyFiles": [
        {
            "name": "TcHmiPolyline.js",
            "type": "JavaScript",
            "description": ""
        }
    ],
    "attributes": [],
    "attributeCategories": [],
    "functions": [],
    "dataTypes": [
        {
            "schema": "Schema/Types.Schema.json"
        }
    ]
}